{
    "models": [
        {
            "model": "linear_regression",
            "stockCode": "GOOGL",
            "modelOptions": {
                "predict_n": 10
            },
            "inputOptions": {
                "config": [
                    {"type": "lookback", "n": 10, "stock_code": "GOOGL", "column": "adjusted_close"},
                    {"type": "moving_avg", "n": 10, "stock_code": "GOOGL", "column": "adjusted_close"}
                ],
                "stock_codes": ["GOOGL"],
                "stock_code": "GOOGL",
                "column": "adjusted_close"
            }
        },
        {
            "model": "svr",
            "stockCode": "GOOGL",
            "modelOptions": {
                "kernel": "rbf",
                "degree": 3,
                "gamma": "auto",
                "coef0": 0.0,
                "tol": 0.001,
                "C": 1.0,
                "epsilon": 0.1,
                "shrinking": true,
                "cache_size": 500.0,
                "verbose": false,
                "max_iter": -1,
                "predict_n": 10
            },
            "inputOptions": {
                "config": [
                    {"type": "lookback", "n": 10, "stock_code": "GOOGL", "column": "adjusted_close"},
                    {"type": "moving_avg", "n": 10, "stock_code": "GOOGL", "column": "adjusted_close"}
                ],
                "normalize": "min_max",
                "stock_codes": ["GOOGL"],
                "stock_code": "GOOGL",
                "column": "adjusted_close"
            }
        },
        {
            "model": "linear_index_regression",
            "stock_code": "GOOGL",
            "modelOptions": {
                "predict_n": 10
            },
            "inputOptions": {
                "config": [
                    {"type": "index_price", "n": 10}
                ],
                "stock_codes": ["GOOGL"],
                "stock_code": "GOOGL",
                "column": "adjusted_close"
            }
        },
        {
            "model": "svr_index_regression",
            "stock_code": "GOOGL",
            "modelOptions": {
                "use_stock_price": false,
                "n": 30,
                "kernel": "rbf",
                "degree": 3,
                "gamma": "auto",
                "coef0": 0.0,
                "tol": 0.001,
                "C": 1.0,
                "epsilon": 0.1,
                "shrinking": true,
                "cache_size": 500.0,
                "verbose": false,
                "max_iter": -1,
                "predict_n": 10
            },
            "inputOptions": {
                "config": [
                    {"type": "index_price", "n": 10}
                ],
                "stock_codes": ["GOOGL"],
                "stock_code": "GOOGL",
                "column": "adjusted_close"
            }
        },
        {
            "model": "dnn",
            "stockCode": "GOOGL",
            "modelOptions": {
                "network_type": "dense",
                "net": {
                    "layers": [
                        {"units": 32, "activation": "relu"},
                        {"units": 64, "activation": "relu"},
                        {}
                    ],
                    "loss": "mse",
                    "optimizer": "Adam",
                    "learning_rate": 0.001,
                    "epochs": 10,
                    "batch_size": 32,
                    "metrics": ["mse"]
                },
                "predict_n": 10
            },
            "inputOptions": {
                "config": [
                    {"type": "lookback", "n": 10, "stock_code": "GOOGL", "column": "adjusted_close"}
                ],
                "stock_codes": ["GOOGL"],
                "stock_code": "GOOGL",
                "column": "adjusted_close"
            }
        },
        {
            "model": "dnn",
            "stockCode": "GOOGL",
            "modelOptions": {
                "network_type": "dense",
                "net": {
                    "layers": [
                        {"units": 32, "activation": "relu"},
                        {"units": 64, "activation": "relu"},
                        {}
                    ],
                    "loss": "mse",
                    "optimizer": "Adam",
                    "learning_rate": 0.001,
                    "epochs": 10,
                    "batch_size": 32,
                    "metrics": ["mse"]
                },
                "predict_n": 10
            },
            "inputOptions": {
                "config": [
                    {"type": "lookback", "n": 10, "stock_code": "GOOGL", "column": "adjusted_close"}
                ],
                "normalize": "min_max",
                "stock_codes": ["GOOGL"],
                "stock_code": "GOOGL",
                "column": "adjusted_close"
            }
        },
        {
            "model": "dnn",
            "stockCode": "GOOGL",
            "modelOptions": {
				"network_type": "SimpleRNN",
                "net": {
                    "layers": [
						{"layer_type": "SimpleRNN", "units": 32, "activation": "relu", "return_sequences": true, "stateful": false},
                        {"layer_type": "SimpleRNN", "units": 64, "activation": "relu", "return_sequences": false, "stateful": false},
                        {"units": 32, "activation": "relu"},
                        {}
                    ],
                    "loss": "mse",
                    "optimizer": "Adam",
                    "learning_rate": 0.001,
                    "epochs": 10,
                    "batch_size": 32,
                    "metrics": ["mse"]
                },
                "predict_n": 10
            },
            "inputOptions": {
                "config": [
                    {"type": "lookback", "n": 1, "stock_code": "GOOGL", "column": "adjusted_close"}
                ],
                "stock_codes": ["GOOGL"],
                "stock_code": "GOOGL",
                "column": "adjusted_close",
				"time_window": 10
            }
        },
        {
            "model": "dnn",
            "stockCode": "GOOGL",
            "modelOptions": {
				"network_type": "LSTM",
                "net": {
                    "layers": [
						{"layer_type": "LSTM", "units": 32, "activation": "relu", "recurrent_activation": "hard_sigmoid", "return_sequences": true, "stateful": false},
                        {"layer_type": "LSTM", "units": 64, "activation": "relu", "recurrent_activation": "hard_sigmoid", "return_sequences": false, "stateful": false},
                        {"units": 32, "activation": "relu"},
                        {}
                    ],
                    "loss": "mse",
                    "optimizer": "Adam",
                    "learning_rate": 0.001,
                    "epochs": 10,
                    "batch_size": 32,
                    "metrics": ["mse"]
                },
                "predict_n": 10
            },
            "inputOptions": {
                "config": [
                    {"type": "lookback", "n": 1, "stock_code": "GOOGL", "column": "adjusted_close"}
                ],
                "stock_codes": ["GOOGL"],
                "stock_code": "GOOGL",
                "column": "adjusted_close",
				"time_window": 10
            }
        },
        {
            "model": "dnn",
            "stockCode": "GOOGL",
            "modelOptions": {
				"network_type": "GRU",
                "net": {
                    "layers": [
						{"layer_type": "GRU", "units": 32, "activation": "relu", "recurrent_activation": "hard_sigmoid", "return_sequences": true, "stateful": false},
                        {"layer_type": "GRU", "units": 64, "activation": "relu", "recurrent_activation": "hard_sigmoid", "return_sequences": false, "stateful": false},
                        {"units": 32, "activation": "relu"},
                        {}
                    ],
                    "loss": "mse",
                    "optimizer": "Adam",
                    "learning_rate": 0.001,
                    "epochs": 10,
                    "batch_size": 32,
                    "metrics": ["mse"]
                },
                "predict_n": 10
            },
            "inputOptions": {
                "config": [
                    {"type": "lookback", "n": 1, "stock_code": "GOOGL", "column": "adjusted_close"}
                ],
                "stock_codes": ["GOOGL"],
                "stock_code": "GOOGL",
                "column": "adjusted_close",
				"time_window": 10
            }
        },
        {
            "model": "dnn",
            "stockCode": "GOOGL",
            "modelOptions": {
                "network_type": "dense",
                "net": {
                    "layers": [
                        {"units": 32, "activation": "relu"},
                        {"units": 64, "activation": "relu"},
                        {}
                    ],
                    "loss": "mse",
                    "optimizer": "Adam",
                    "learning_rate": 0.001,
                    "epochs": 10,
                    "batch_size": 32,
                    "metrics": ["mse"]
                },
                "predict_n": 1
            },
            "inputOptions": {
                "config": [
                    {"type": "lookback", "n": 10, "stock_code": "GOOGL", "column": "adjusted_close"}
                ],
                "stock_codes": ["GOOGL"],
                "stock_code": "GOOGL",
                "column": "adjusted_close"
            }
        },
        {
            "model": "dnn",
            "stockCode": "GOOGL",
            "modelOptions": {
                "network_type": "dense",
                "net": {
                    "layers": [
                        {"units": 32, "activation": "relu"},
                        {"units": 64, "activation": "relu"},
                        {}
                    ],
                    "loss": "mse",
                    "optimizer": "Adam",
                    "learning_rate": 0.001,
                    "epochs": 10,
                    "batch_size": 32,
                    "metrics": ["mse"]
                },
                "predict_n": 1
            },
            "inputOptions": {
                "config": [
                    {"type": "lookback", "n": 10, "stock_code": "GOOGL", "column": "adjusted_close", "skip": 10}
                ],
                "stock_codes": ["GOOGL"],
                "stock_code": "GOOGL",
                "column": "adjusted_close"
            }
        },
        {
            "model": "dnn",
            "stockCode": "GOOGL",
            "modelOptions": {
                "network_type": "dense",
                "net": {
                    "layers": [
                        {"units": 32, "activation": "relu"},
                        {"units": 64, "activation": "relu"},
                        {}
                    ],
                    "loss": "mse",
                    "optimizer": "Adam",
                    "learning_rate": 0.001,
                    "epochs": 10,
                    "batch_size": 32,
                    "metrics": ["mse"]
                },
                "predict_n": 1
            },
            "inputOptions": {
                "config": [
                    {"type": "lookback", "n": 10, "stock_code": "GOOGL", "column": "adjusted_close"}
                ],
                "normalize": "min_max",
                "stock_codes": ["GOOGL"],
                "stock_code": "GOOGL",
                "column": "adjusted_close"
            }
        },
        {
            "model": "dnn",
            "stockCode": "GOOGL",
            "modelOptions": {
				"network_type": "SimpleRNN",
                "net": {
                    "layers": [
						{"layer_type": "SimpleRNN", "units": 32, "activation": "relu", "return_sequences": true, "stateful": false},
                        {"layer_type": "SimpleRNN", "units": 64, "activation": "relu", "return_sequences": false, "stateful": false},
                        {"units": 32, "activation": "relu"},
                        {}
                    ],
                    "loss": "mse",
                    "optimizer": "Adam",
                    "learning_rate": 0.001,
                    "epochs": 10,
                    "batch_size": 32,
                    "metrics": ["mse"]
                },
                "predict_n": 1
            },
            "inputOptions": {
                "config": [
                    {"type": "lookback", "n": 1, "stock_code": "GOOGL", "column": "adjusted_close"}
                ],
                "stock_codes": ["GOOGL"],
                "stock_code": "GOOGL",
                "column": "adjusted_close",
				"time_window": 10
            }
        },
        {
            "model": "dnn",
            "stockCode": "GOOGL",
            "modelOptions": {
				"network_type": "LSTM",
                "net": {
                    "layers": [
						{"layer_type": "LSTM", "units": 32, "activation": "relu", "recurrent_activation": "hard_sigmoid", "return_sequences": true, "stateful": false},
                        {"layer_type": "LSTM", "units": 64, "activation": "relu", "recurrent_activation": "hard_sigmoid", "return_sequences": false, "stateful": false},
                        {"units": 32, "activation": "relu"},
                        {}
                    ],
                    "loss": "mse",
                    "optimizer": "Adam",
                    "learning_rate": 0.001,
                    "epochs": 10,
                    "batch_size": 32,
                    "metrics": ["mse"]
                },
                "predict_n": 1
            },
            "inputOptions": {
                "config": [
                    {"type": "lookback", "n": 1, "stock_code": "GOOGL", "column": "adjusted_close"}
                ],
                "stock_codes": ["GOOGL"],
                "stock_code": "GOOGL",
                "column": "adjusted_close",
				"time_window": 10
            }
        },
        {
            "model": "dnn",
            "stockCode": "GOOGL",
            "modelOptions": {
				"network_type": "LSTM",
                "net": {
                    "layers": [
						{"layer_type": "LSTM", "units": 32, "activation": "relu", "recurrent_activation": "hard_sigmoid", "return_sequences": true, "stateful": false},
                        {"layer_type": "LSTM", "units": 64, "activation": "relu", "recurrent_activation": "hard_sigmoid", "return_sequences": false, "stateful": false},
                        {"units": 32, "activation": "relu"},
                        {}
                    ],
                    "loss": "mse",
                    "optimizer": "Adam",
                    "learning_rate": 0.001,
                    "epochs": 10,
                    "batch_size": 32,
                    "metrics": ["mse"]
                },
                "predict_n": 1
            },
            "inputOptions": {
                "config": [
                    {"type": "lookback", "n": 1, "stock_code": "GOOGL", "column": "adjusted_close"}
                ],
                "normalize": "min_max",
                "stock_codes": ["GOOGL"],
                "stock_code": "GOOGL",
                "column": "adjusted_close",
				"time_window": 10
            }
        },
        {
            "model": "dnn",
            "stockCode": "GOOGL",
            "modelOptions": {
				"network_type": "GRU",
                "net": {
                    "layers": [
						{"layer_type": "GRU", "units": 32, "activation": "relu", "recurrent_activation": "hard_sigmoid", "return_sequences": true, "stateful": false},
                        {"layer_type": "GRU", "units": 64, "activation": "relu", "recurrent_activation": "hard_sigmoid", "return_sequences": false, "stateful": false},
                        {"units": 32, "activation": "relu"},
                        {}
                    ],
                    "loss": "mse",
                    "optimizer": "Adam",
                    "learning_rate": 0.001,
                    "epochs": 10,
                    "batch_size": 32,
                    "metrics": ["mse"]
                },
                "predict_n": 1
            },
            "inputOptions": {
                "config": [
                    {"type": "lookback", "n": 1, "stock_code": "GOOGL", "column": "adjusted_close"}
                ],
                "stock_codes": ["GOOGL"],
                "stock_code": "GOOGL",
                "column": "adjusted_close",
				"time_window": 10
            }
        }
    ]
}
